source,target,realValue,layerID,layerColor,layerUnit
Imp. Diesel,Diesel,-0.19,Diesel,#D3D3D3,TWh
Diesel,Mob priv,7.38,Diesel,#D3D3D3,TWh
Diesel,Freight,5.82,Diesel,#D3D3D3,TWh
Imp. NG,Gas,141.45,Gas,#FFD700,TWh
Gas Prod,Gas,16.45,NG,#FFD700,TWh
Gas,Mob public,12.77,NG,#FFD700,TWh
Gas,Freight,12.76,NG,#FFD700,TWh
Gas,H2 prod,26.40,NG,#FFD700,TWh
Gas,Elec,35.52,NG,#FFD700,TWh
Gas,CHP,33.75,NG,#FFD700,TWh
Gas,Boilers,36.69,NG,#FFD700,TWh
Electricity,Elec,27.57,Electricity,#00BFFF,TWh
Wind,Elec,32.99,Wind,#27AE34,TWh
Hydro River,Elec,0.45,Hydro River,#0000FF,TWh
Coal,Boilers,22.04,Coal,#A0522D,TWh
Solar,Elec,50.15,Solar,#FFFF00,TWh
Waste,Boilers,17.80,Waste,#808000,TWh
Wood,Biofuels Prod,19.54,Wood,#CD853F,TWh
Wood,Boilers,3.86,Wood,#CD853F,TWh
Wet biomass,Biomethanation,38.90,Wood,#CD853F,TWh
Biomethanation,Gas Prod,16.45,NG,#FFD700,TWh
Biomethanation,Elec,1.56,Electricity,#00BFFF,TWh
Elec,Mob priv,5.92,Electricity,#00BFFF,TWh
Elec,Mob public,3.13,Electricity,#00BFFF,TWh
Elec,Freight,1.67,Electricity,#00BFFF,TWh
Elec,Exp & Loss,7.01,Electricity,#00BFFF,TWh
Elec,Elec demand,91.06,Electricity,#00BFFF,TWh
Solar,Curt.,1.44,Solar,#FFFF00,TWh
Wind,Curt.,0.52,Wind,#27AE34,TWh
Elec,Storage,1.10,Electricity,#00BFFF,TWh
Storage,Elec demand,0.83,Electricity,#00BFFF,TWh
Elec,HPs,33.18,Electricity,#00BFFF,TWh
Elec,HT sto,0.49,Electricity,#00BFFF,TWh
HT sto,Heat HT,0.48,Heat HT,#DC143C,TWh
Elec,Heat HT,3.99,Electricity,#00BFFF,TWh
Elec,Electrolyser,0.63,Electricity,#00BFFF,TWh
HT ?,Electrolyser,0.11,Heat HT,#DC143C,TWh
Electrolyser,H2 prod,0.59,Electricity,#00BFFF,TWh
Electrolyser,DHN,0.01,Heat LT,#FA8072,TWh
H2 prod,H2 sto.,2.15,H2,#FF00FF,TWh
H2 sto.,H2,1.86,H2,#FF00FF,TWh
H2 prod,H2,17.78,H2,#FF00FF,TWh
H2,Mob priv,12.09,H2,#FF00FF,TWh
H2,Freight,7.59,H2,#FF00FF,TWh
CHP,Elec,15.14,Electricity,#00BFFF,TWh
CHP,DHN,1.90,Heat LT,#FA8072,TWh
CHP,Heat HT,13.34,Heat HT,#DC143C,TWh
HPs,Dec. sto,14.20,Heat LT,#FA8072,TWh
HPs,Heat LT Dec,43.45,Heat LT,#FA8072,TWh
HPs,DHN,55.86,Heat LT,#FA8072,TWh
Biofuels Prod,Elec,0.31,Electricity,#00BFFF,TWh
Biofuels Prod,Biofuels sto.,3.39,Oil,#8B008B,TWh
Biofuels sto.,Biofuels,3.39,Oil,#8B008B,TWh
Biofuels prod,Biofuels,-16.40,Oil,#8B008B,TWh
Biofuels,Diesel,13.01,Oil,#8B008B,TWh
Boilers,Dec. sto,0.00,Heat LT,#FA8072,TWh
Boilers,Heat LT Dec,36.24,Heat LT,#FA8072,TWh
Dec. sto,Heat LT Dec,13.13,Heat LT,#FA8072,TWh
Boilers,Heat HT,32.73,Heat HT,#DC143C,TWh
DHN,Heat LT DHN,39.02,Heat LT,#FA8072,TWh
DHN,Loss DHN,2.89,Heat LT,#FA8072,TWh
DHN,DHN Sto,15.86,Heat LT,#FA8072,TWh
DHN Sto,Heat LT DHN,15.49,Heat LT,#FA8072,TWh
