source,target,realValue,layerID,layerColor,layerUnit
Diesel,Mob public,0.29,Diesel,#D3D3D3,TWh
Diesel,Freight,1.70,Diesel,#D3D3D3,TWh
Imp. SNG,Gas,57.27,Gas,#FFD700,TWh
Gas Prod,Gas,32.85,NG,#FFD700,TWh
Gas,Mob public,4.92,NG,#FFD700,TWh
Gas,Freight,1.92,NG,#FFD700,TWh
Gas,Elec,28.34,NG,#FFD700,TWh
Gas,CHP,54.94,NG,#FFD700,TWh
Electricity,Elec,32.44,Electricity,#00BFFF,TWh
Wind,Elec,33.94,Wind,#27AE34,TWh
Hydro River,Elec,0.48,Hydro River,#0000FF,TWh
Solar,Elec,61.53,Solar,#FFFF00,TWh
Waste,Boilers,17.80,Waste,#808000,TWh
Wood,Biofuels Prod,2.91,Wood,#CD853F,TWh
Wood,Gasifi.,20.49,Wood,#CD853F,TWh
Gasifi.,Gas Prod,16.39,NG,#FFD700,TWh
Gasifi.,DHN,1.99,Heat LT,#FA8072,TWh
Gasifi.,Elec,0.70,Electricity,#00BFFF,TWh
Wet biomass,Biomethanation,38.90,Wood,#CD853F,TWh
Biomethanation,Gas Prod,16.45,NG,#FFD700,TWh
Biomethanation,Elec,1.56,Electricity,#00BFFF,TWh
Elec,Mob public,5.06,Electricity,#00BFFF,TWh
Elec,Freight,1.77,Electricity,#00BFFF,TWh
Elec,Exp & Loss,8.13,Electricity,#00BFFF,TWh
Elec,Elec demand,97.44,Electricity,#00BFFF,TWh
Solar,Curt.,0.12,Solar,#FFFF00,TWh
Elec,Storage,12.02,Electricity,#00BFFF,TWh
Storage,Elec demand,10.69,Electricity,#00BFFF,TWh
Elec,HPs,44.94,Electricity,#00BFFF,TWh
Elec,HT sto,3.25,Electricity,#00BFFF,TWh
HT sto,Heat HT,3.24,Heat HT,#DC143C,TWh
Elec,Heat HT,0.43,Electricity,#00BFFF,TWh
Imp. H2,H2,43.96,H2,#FF00FF,TWh
H2,Mob priv,24.63,H2,#FF00FF,TWh
H2,Freight,19.33,H2,#FF00FF,TWh
CHP,Elec,24.17,Electricity,#00BFFF,TWh
CHP,Heat HT,25.27,Heat HT,#DC143C,TWh
HPs,Dec. sto,22.69,Heat LT,#FA8072,TWh
HPs,Heat LT Dec,76.10,Heat LT,#FA8072,TWh
HPs,DHN,58.51,Heat LT,#FA8072,TWh
Biofuels Prod,Elec,0.05,Electricity,#00BFFF,TWh
Biofuels Prod,Biofuels sto.,1.73,Oil,#8B008B,TWh
Biofuels sto.,Biofuels,1.73,Oil,#8B008B,TWh
Biofuels prod,Biofuels,-3.72,Oil,#8B008B,TWh
Biofuels,Diesel,1.99,Oil,#8B008B,TWh
Dec. sto,Heat LT Dec,21.18,Heat LT,#FA8072,TWh
Boilers,Heat HT,14.60,Heat HT,#DC143C,TWh
DHN,Heat LT DHN,40.31,Heat LT,#FA8072,TWh
DHN,Loss DHN,3.03,Heat LT,#FA8072,TWh
DHN,DHN Sto,17.17,Heat LT,#FA8072,TWh
DHN Sto,Heat LT DHN,16.82,Heat LT,#FA8072,TWh
