source,target,realValue,layerID,layerColor,layerUnit
Diesel,Mob public,0.16,Diesel,#D3D3D3,TWh
Diesel,Freight,1.59,Diesel,#D3D3D3,TWh
Imp. NG,Gas,48.92,Gas,#FFD700,TWh
Imp. SNG,Gas,13.27,Gas,#FFD700,TWh
Gas Prod,Gas,32.69,NG,#FFD700,TWh
Gas,Mob public,5.08,NG,#FFD700,TWh
Gas,Freight,1.98,NG,#FFD700,TWh
Gas,Elec,30.84,NG,#FFD700,TWh
Gas,CHP,56.97,NG,#FFD700,TWh
Electricity,Elec,30.87,Electricity,#00BFFF,TWh
Wind,Elec,33.94,Wind,#27AE34,TWh
Hydro River,Elec,0.48,Hydro River,#0000FF,TWh
Solar,Elec,61.53,Solar,#FFFF00,TWh
Waste,Boilers,17.80,Waste,#808000,TWh
Wood,Biofuels Prod,2.58,Wood,#CD853F,TWh
Wood,Gasifi.,20.82,Wood,#CD853F,TWh
Gasifi.,Gas Prod,16.24,NG,#FFD700,TWh
Gasifi.,DHN,1.98,Heat LT,#FA8072,TWh
Gasifi.,Elec,0.69,Electricity,#00BFFF,TWh
Wet biomass,Biomethanation,38.90,Wood,#CD853F,TWh
Biomethanation,Gas Prod,16.45,NG,#FFD700,TWh
Biomethanation,Elec,1.56,Electricity,#00BFFF,TWh
Elec,Mob priv,4.21,Electricity,#00BFFF,TWh
Elec,Mob public,5.05,Electricity,#00BFFF,TWh
Elec,Freight,1.75,Electricity,#00BFFF,TWh
Elec,Exp & Loss,8.17,Electricity,#00BFFF,TWh
Elec,Elec demand,97.01,Electricity,#00BFFF,TWh
Solar,Curt.,0.14,Solar,#FFFF00,TWh
Elec,Storage,6.71,Electricity,#00BFFF,TWh
Storage,Elec demand,5.89,Electricity,#00BFFF,TWh
Elec,HPs,45.34,Electricity,#00BFFF,TWh
Elec,HT sto,4.63,Electricity,#00BFFF,TWh
HT sto,Heat HT,4.62,Heat HT,#DC143C,TWh
Elec,Heat HT,0.14,Electricity,#00BFFF,TWh
Elec,Electrolyser,0.13,Electricity,#00BFFF,TWh
HT ?,Electrolyser,0.02,Heat HT,#DC143C,TWh
Electrolyser,H2 prod,0.12,Electricity,#00BFFF,TWh
Electrolyser,DHN,0.00,Heat LT,#FA8072,TWh
Imp. H2,H2,38.17,H2,#FF00FF,TWh
H2 prod,H2,0.12,H2,#FF00FF,TWh
H2,Mob priv,18.84,H2,#FF00FF,TWh
H2,Freight,19.45,H2,#FF00FF,TWh
CHP,Elec,25.07,Electricity,#00BFFF,TWh
CHP,Heat HT,26.21,Heat HT,#DC143C,TWh
HPs,Dec. sto,24.75,Heat LT,#FA8072,TWh
HPs,Heat LT Dec,73.15,Heat LT,#FA8072,TWh
HPs,DHN,57.88,Heat LT,#FA8072,TWh
Biofuels Prod,Elec,0.04,Electricity,#00BFFF,TWh
Biofuels Prod,Biofuels sto.,1.53,Oil,#8B008B,TWh
Biofuels sto.,Biofuels,1.53,Oil,#8B008B,TWh
Biofuels prod,Biofuels,-3.28,Oil,#8B008B,TWh
Biofuels,Diesel,1.75,Oil,#8B008B,TWh
Dec. sto,Heat LT Dec,22.91,Heat LT,#FA8072,TWh
Boilers,Heat HT,14.60,Heat HT,#DC143C,TWh
DHN,Heat LT DHN,39.18,Heat LT,#FA8072,TWh
DHN,Loss DHN,2.99,Heat LT,#FA8072,TWh
DHN,DHN Sto,17.69,Heat LT,#FA8072,TWh
DHN Sto,Heat LT DHN,17.24,Heat LT,#FA8072,TWh
