source,target,realValue,layerID,layerColor,layerUnit
Diesel,Mob public,0.93,Diesel,#D3D3D3,TWh
Diesel,Freight,1.87,Diesel,#D3D3D3,TWh
Imp. SNG,Gas,56.02,Gas,#FFD700,TWh
Gas Prod,Gas,32.81,NG,#FFD700,TWh
Gas,Mob public,4.04,NG,#FFD700,TWh
Gas,Freight,1.72,NG,#FFD700,TWh
Gas,Elec,30.55,NG,#FFD700,TWh
Gas,CHP,52.53,NG,#FFD700,TWh
Electricity,Elec,32.44,Electricity,#00BFFF,TWh
Wind,Elec,33.94,Wind,#27AE34,TWh
Hydro River,Elec,0.48,Hydro River,#0000FF,TWh
Solar,Elec,61.53,Solar,#FFFF00,TWh
Waste,Boilers,17.80,Waste,#808000,TWh
Imp. SLF,Biofuels,1.35,Oil,#8B008B,TWh
Wood,Biofuels Prod,2.12,Wood,#CD853F,TWh
Wood,Boilers,0.84,Wood,#CD853F,TWh
Wood,Gasifi.,20.45,Wood,#CD853F,TWh
Gasifi.,Gas Prod,16.36,NG,#FFD700,TWh
Gasifi.,DHN,1.99,Heat LT,#FA8072,TWh
Gasifi.,Elec,0.70,Electricity,#00BFFF,TWh
Wet biomass,Biomethanation,38.90,Wood,#CD853F,TWh
Biomethanation,Gas Prod,16.45,NG,#FFD700,TWh
Biomethanation,Elec,1.56,Electricity,#00BFFF,TWh
Elec,Mob public,5.06,Electricity,#00BFFF,TWh
Elec,Freight,1.77,Electricity,#00BFFF,TWh
Elec,Exp & Loss,8.15,Electricity,#00BFFF,TWh
Elec,Elec demand,98.10,Electricity,#00BFFF,TWh
Solar,Curt.,0.13,Solar,#FFFF00,TWh
Elec,Storage,11.29,Electricity,#00BFFF,TWh
Storage,Elec demand,10.04,Electricity,#00BFFF,TWh
Elec,HPs,44.94,Electricity,#00BFFF,TWh
Elec,HT sto,2.46,Electricity,#00BFFF,TWh
HT sto,Heat HT,2.46,Heat HT,#DC143C,TWh
Elec,Heat HT,1.60,Electricity,#00BFFF,TWh
Imp. H2,H2,43.96,H2,#FF00FF,TWh
H2,Mob priv,24.63,H2,#FF00FF,TWh
H2,Freight,19.33,H2,#FF00FF,TWh
CHP,Elec,23.11,Electricity,#00BFFF,TWh
CHP,Heat HT,24.16,Heat HT,#DC143C,TWh
HPs,Dec. sto,22.50,Heat LT,#FA8072,TWh
HPs,Heat LT Dec,76.29,Heat LT,#FA8072,TWh
HPs,DHN,58.51,Heat LT,#FA8072,TWh
Biofuels Prod,Elec,0.03,Electricity,#00BFFF,TWh
Biofuels Prod,Biofuels sto.,0.01,Oil,#8B008B,TWh
Biofuels sto.,Biofuels,0.01,Oil,#8B008B,TWh
Biofuels prod,Biofuels,-1.46,Oil,#8B008B,TWh
Biofuels,Diesel,2.80,Oil,#8B008B,TWh
Dec. sto,Heat LT Dec,20.99,Heat LT,#FA8072,TWh
Boilers,Heat HT,15.32,Heat HT,#DC143C,TWh
DHN,Heat LT DHN,40.83,Heat LT,#FA8072,TWh
DHN,Loss DHN,3.03,Heat LT,#FA8072,TWh
DHN,DHN Sto,16.65,Heat LT,#FA8072,TWh
DHN Sto,Heat LT DHN,16.30,Heat LT,#FA8072,TWh
