source,target,realValue,layerID,layerColor,layerUnit
Diesel,Freight,1.64,Diesel,#D3D3D3,TWh
Imp. NG,Gas,111.48,Gas,#FFD700,TWh
Gas Prod,Gas,16.45,NG,#FFD700,TWh
Gas,Mob public,5.26,NG,#FFD700,TWh
Gas,Freight,17.52,NG,#FFD700,TWh
Gas,H2 prod,12.21,NG,#FFD700,TWh
Gas,Elec,66.92,NG,#FFD700,TWh
Gas,CHP,26.03,NG,#FFD700,TWh
Electricity,Elec,29.18,Electricity,#00BFFF,TWh
Wind,Elec,33.83,Wind,#27AE34,TWh
Hydro River,Elec,0.46,Hydro River,#0000FF,TWh
Solar,Elec,61.53,Solar,#FFFF00,TWh
Waste,Boilers,17.80,Waste,#808000,TWh
Wood,Biofuels Prod,2.44,Wood,#CD853F,TWh
Wood,Boilers,20.96,Wood,#CD853F,TWh
Wet biomass,Biomethanation,38.90,Wood,#CD853F,TWh
Biomethanation,Gas Prod,16.45,NG,#FFD700,TWh
Biomethanation,Elec,1.56,Electricity,#00BFFF,TWh
Elec,Mob priv,16.32,Electricity,#00BFFF,TWh
Elec,Mob public,5.01,Electricity,#00BFFF,TWh
Elec,Freight,1.72,Electricity,#00BFFF,TWh
Elec,Exp & Loss,8.46,Electricity,#00BFFF,TWh
Elec,Elec demand,96.74,Electricity,#00BFFF,TWh
Solar,Curt.,0.63,Solar,#FFFF00,TWh
Wind,Curt.,0.11,Wind,#27AE34,TWh
Elec,Storage,0.71,Electricity,#00BFFF,TWh
Storage,Elec demand,0.53,Electricity,#00BFFF,TWh
Elec,HPs,45.87,Electricity,#00BFFF,TWh
Elec,HT sto,0.67,Electricity,#00BFFF,TWh
HT sto,Heat HT,0.67,Heat HT,#DC143C,TWh
Elec,Heat HT,2.15,Electricity,#00BFFF,TWh
H2 prod,H2,8.95,H2,#FF00FF,TWh
H2,Mob priv,0.91,H2,#FF00FF,TWh
H2,Freight,8.04,H2,#FF00FF,TWh
CHP,Elec,11.50,Electricity,#00BFFF,TWh
CHP,DHN,0.31,Heat LT,#FA8072,TWh
CHP,Heat HT,11.61,Heat HT,#DC143C,TWh
HPs,Dec. sto,26.07,Heat LT,#FA8072,TWh
HPs,Heat LT Dec,70.46,Heat LT,#FA8072,TWh
HPs,DHN,58.34,Heat LT,#FA8072,TWh
Biofuels Prod,Elec,0.04,Electricity,#00BFFF,TWh
Biofuels Prod,Biofuels sto.,0.24,Oil,#8B008B,TWh
Biofuels sto.,Biofuels,0.24,Oil,#8B008B,TWh
Biofuels prod,Biofuels,-1.88,Oil,#8B008B,TWh
Biofuels,Diesel,1.64,Oil,#8B008B,TWh
Dec. sto,Heat LT Dec,23.89,Heat LT,#FA8072,TWh
Boilers,Heat HT,32.71,Heat HT,#DC143C,TWh
DHN,Heat LT DHN,39.38,Heat LT,#FA8072,TWh
DHN,Loss DHN,2.93,Heat LT,#FA8072,TWh
DHN,DHN Sto,16.34,Heat LT,#FA8072,TWh
DHN Sto,Heat LT DHN,16.03,Heat LT,#FA8072,TWh
