source,target,realValue,layerID,layerColor,layerUnit
Imp. Gasoline,Gasoline,36.80,Gasoline,#808080,TWh
Gasoline,Mob priv,-36.80,Gasoline,#808080,TWh
Imp. Diesel,Diesel,-70.23,Diesel,#D3D3D3,TWh
Diesel,Mob priv,33.19,Diesel,#D3D3D3,TWh
Diesel,Mob public,4.11,Diesel,#D3D3D3,TWh
Diesel,Freight,32.93,Diesel,#D3D3D3,TWh
Imp. NG,Gas,161.45,Gas,#FFD700,TWh
Gas Prod,Gas,2.53,NG,#FFD700,TWh
Gas,Mob priv,0.17,NG,#FFD700,TWh
Gas,Mob public,0.89,NG,#FFD700,TWh
Gas,Elec,48.54,NG,#FFD700,TWh
Gas,CHP,20.35,NG,#FFD700,TWh
Gas,Boilers,94.05,NG,#FFD700,TWh
Electricity,Elec,0.11,Electricity,#00BFFF,TWh
Uranium,Elec,114.06,Nuclear,#FFC0CB,TWh
Wind,Elec,7.55,Wind,#27AE34,TWh
Hydro River,Elec,0.47,Hydro River,#0000FF,TWh
Coal,Boilers,25.95,Coal,#A0522D,TWh
Solar,Elec,4.84,Solar,#FFFF00,TWh
Solar,Dec. sto,0.00,Solar,#FFFF00,TWh
Solar,Heat LT Dec,0.30,Solar,#FFFF00,TWh
Waste,CHP,9.77,Waste,#808000,TWh
Imp. Oil,Oil,-101.93,Oil,#8B008B,TWh
Oil,Boilers,101.93,Oil,#8B008B,TWh
Wood,CHP,0.40,Wood,#CD853F,TWh
Wood,Boilers,17.70,Wood,#CD853F,TWh
Wet biomass,Biomethanation,8.47,Wood,#CD853F,TWh
Biomethanation,Gas Prod,2.53,NG,#FFD700,TWh
Elec,Mob priv,0.08,Electricity,#00BFFF,TWh
Elec,Mob public,1.15,Electricity,#00BFFF,TWh
Elec,Freight,0.60,Electricity,#00BFFF,TWh
Elec,Exp & Loss,4.27,Electricity,#00BFFF,TWh
Elec,Elec demand,84.02,Electricity,#00BFFF,TWh
Solar,Curt.,1.50,Solar,#FFFF00,TWh
Wind,Curt.,2.95,Wind,#27AE34,TWh
Elec,HPs,0.63,Electricity,#00BFFF,TWh
CHP,Elec,11.17,Electricity,#00BFFF,TWh
CHP,Dec. sto,0.00,Heat LT,#FA8072,TWh
CHP,Heat LT Dec,1.04,Heat LT,#FA8072,TWh
CHP,DHN,2.56,Heat LT,#FA8072,TWh
CHP,Heat HT,9.98,Heat HT,#DC143C,TWh
HPs,Heat LT Dec,1.64,Heat LT,#FA8072,TWh
HPs,DHN,0.17,Heat LT,#FA8072,TWh
Boilers,Dec. sto,0.00,Heat LT,#FA8072,TWh
Boilers,Heat LT Dec,146.01,Heat LT,#FA8072,TWh
Boilers,DHN,0.47,Heat LT,#FA8072,TWh
Boilers,Heat HT,60.27,Heat HT,#DC143C,TWh
DHN,Heat LT DHN,3.04,Heat LT,#FA8072,TWh
DHN,Loss DHN,0.16,Heat LT,#FA8072,TWh
