source,target,realValue,layerID,layerColor,layerUnit
Imp. Diesel,Diesel,-37.64,Diesel,#D3D3D3,TWh
Diesel,Mob priv,22.90,Diesel,#D3D3D3,TWh
Diesel,Mob public,3.86,Diesel,#D3D3D3,TWh
Diesel,Freight,10.88,Diesel,#D3D3D3,TWh
Imp. NG,Gas,144.55,Gas,#FFD700,TWh
Gas Prod,Gas,15.40,NG,#FFD700,TWh
Gas,Mob priv,0.15,NG,#FFD700,TWh
Gas,Mob public,1.23,NG,#FFD700,TWh
Gas,Freight,16.31,NG,#FFD700,TWh
Gas,H2 prod,12.21,NG,#FFD700,TWh
Gas,Elec,40.15,NG,#FFD700,TWh
Gas,CHP,26.80,NG,#FFD700,TWh
Gas,Boilers,63.09,NG,#FFD700,TWh
Electricity,Elec,26.70,Electricity,#00BFFF,TWh
Wind,Elec,26.94,Wind,#27AE34,TWh
Hydro River,Elec,0.45,Hydro River,#0000FF,TWh
Coal,Boilers,32.74,Coal,#A0522D,TWh
Solar,Elec,35.59,Solar,#FFFF00,TWh
Solar,Dec. sto,0.00,Solar,#FFFF00,TWh
Solar,Heat LT Dec,0.30,Solar,#FFFF00,TWh
Waste,Boilers,17.80,Waste,#808000,TWh
Wood,Boilers,23.40,Wood,#CD853F,TWh
Wet biomass,Biomethanation,38.90,Wood,#CD853F,TWh
Biomethanation,Gas Prod,15.40,NG,#FFD700,TWh
Biomethanation,Elec,1.22,Electricity,#00BFFF,TWh
Elec,Mob priv,1.88,Electricity,#00BFFF,TWh
Elec,Mob public,4.93,Electricity,#00BFFF,TWh
Elec,Freight,1.64,Electricity,#00BFFF,TWh
Elec,Exp & Loss,5.96,Electricity,#00BFFF,TWh
Elec,Elec demand,88.32,Electricity,#00BFFF,TWh
Solar,Curt.,1.15,Solar,#FFFF00,TWh
Wind,Curt.,0.53,Wind,#27AE34,TWh
Elec,Storage,0.89,Electricity,#00BFFF,TWh
Storage,Elec demand,0.67,Electricity,#00BFFF,TWh
Elec,HPs,21.52,Electricity,#00BFFF,TWh
Elec,Heat HT,1.51,Electricity,#00BFFF,TWh
H2 prod,H2 sto.,2.19,H2,#FF00FF,TWh
H2 sto.,H2,1.90,H2,#FF00FF,TWh
H2 prod,H2,6.76,H2,#FF00FF,TWh
H2,Mob priv,8.69,H2,#FF00FF,TWh
CHP,Elec,12.08,Electricity,#00BFFF,TWh
CHP,Dec. sto,0.00,Heat LT,#FA8072,TWh
CHP,Heat LT Dec,0.73,Heat LT,#FA8072,TWh
CHP,DHN,1.90,Heat LT,#FA8072,TWh
CHP,Heat HT,9.41,Heat HT,#DC143C,TWh
HPs,Dec. sto,5.66,Heat LT,#FA8072,TWh
HPs,Heat LT Dec,15.58,Heat LT,#FA8072,TWh
HPs,DHN,56.11,Heat LT,#FA8072,TWh
Boilers,Dec. sto,0.00,Heat LT,#FA8072,TWh
Boilers,Heat LT Dec,71.44,Heat LT,#FA8072,TWh
Dec. sto,Heat LT Dec,5.26,Heat LT,#FA8072,TWh
Boilers,Heat HT,46.77,Heat HT,#DC143C,TWh
DHN,Heat LT DHN,39.05,Heat LT,#FA8072,TWh
DHN,Loss DHN,2.90,Heat LT,#FA8072,TWh
DHN,DHN Sto,16.06,Heat LT,#FA8072,TWh
DHN Sto,Heat LT DHN,15.75,Heat LT,#FA8072,TWh
