source,target,realValue,layerID,layerColor,layerUnit
Imp. Gasoline,Gasoline,12.76,Gasoline,#808080,TWh
Gasoline,Mob priv,-12.76,Gasoline,#808080,TWh
Imp. Diesel,Diesel,-57.69,Diesel,#D3D3D3,TWh
Diesel,Mob priv,32.15,Diesel,#D3D3D3,TWh
Diesel,Mob public,3.98,Diesel,#D3D3D3,TWh
Diesel,Freight,21.56,Diesel,#D3D3D3,TWh
Imp. NG,Gas,142.86,Gas,#FFD700,TWh
Gas Prod,Gas,16.44,NG,#FFD700,TWh
Gas,Mob priv,0.16,NG,#FFD700,TWh
Gas,Mob public,8.74,NG,#FFD700,TWh
Gas,Freight,2.25,NG,#FFD700,TWh
Gas,Elec,38.53,NG,#FFD700,TWh
Gas,CHP,36.10,NG,#FFD700,TWh
Gas,Boilers,73.51,NG,#FFD700,TWh
Electricity,Elec,10.35,Electricity,#00BFFF,TWh
Uranium,Elec,42.37,Nuclear,#FFC0CB,TWh
Wind,Elec,18.89,Wind,#27AE34,TWh
Hydro River,Elec,0.46,Hydro River,#0000FF,TWh
Coal,Boilers,31.17,Coal,#A0522D,TWh
Solar,Elec,19.37,Solar,#FFFF00,TWh
Solar,Dec. sto,0.00,Solar,#FFFF00,TWh
Solar,Heat LT Dec,0.34,Solar,#FFFF00,TWh
Waste,CHP,1.00,Waste,#808000,TWh
Waste,Boilers,16.80,Waste,#808000,TWh
Imp. Oil,Oil,-40.34,Oil,#8B008B,TWh
Oil,Boilers,40.34,Oil,#8B008B,TWh
Wood,CHP,0.40,Wood,#CD853F,TWh
Wood,Boilers,23.00,Wood,#CD853F,TWh
Wet biomass,Biomethanation,38.90,Wood,#CD853F,TWh
Biomethanation,Gas Prod,16.44,NG,#FFD700,TWh
Biomethanation,Elec,1.55,Electricity,#00BFFF,TWh
Elec,Mob priv,0.08,Electricity,#00BFFF,TWh
Elec,Mob public,2.68,Electricity,#00BFFF,TWh
Elec,Freight,1.55,Electricity,#00BFFF,TWh
Elec,Exp & Loss,4.94,Electricity,#00BFFF,TWh
Elec,Elec demand,84.94,Electricity,#00BFFF,TWh
Solar,Curt.,0.38,Solar,#FFFF00,TWh
Wind,Curt.,0.09,Wind,#27AE34,TWh
Elec,Storage,0.64,Electricity,#00BFFF,TWh
Storage,Elec demand,0.48,Electricity,#00BFFF,TWh
Elec,HPs,10.29,Electricity,#00BFFF,TWh
CHP,Elec,16.37,Electricity,#00BFFF,TWh
CHP,Dec. sto,0.00,Heat LT,#FA8072,TWh
CHP,Heat LT Dec,1.04,Heat LT,#FA8072,TWh
CHP,DHN,2.56,Heat LT,#FA8072,TWh
CHP,Heat HT,13.30,Heat HT,#DC143C,TWh
HPs,Dec. sto,0.34,Heat LT,#FA8072,TWh
HPs,Heat LT Dec,1.30,Heat LT,#FA8072,TWh
HPs,DHN,37.11,Heat LT,#FA8072,TWh
Boilers,Dec. sto,0.00,Heat LT,#FA8072,TWh
Boilers,Heat LT Dec,108.00,Heat LT,#FA8072,TWh
Dec. sto,Heat LT Dec,0.32,Heat LT,#FA8072,TWh
Boilers,DHN,0.47,Heat LT,#FA8072,TWh
Boilers,Heat HT,50.39,Heat HT,#DC143C,TWh
DHN,Heat LT DHN,29.56,Heat LT,#FA8072,TWh
DHN,Loss DHN,2.01,Heat LT,#FA8072,TWh
DHN,DHN Sto,8.57,Heat LT,#FA8072,TWh
DHN Sto,Heat LT DHN,8.42,Heat LT,#FA8072,TWh
