source,target,realValue,layerID,layerColor,layerUnit
Diesel,Mob priv,7.16,Diesel,#D3D3D3,TWh
Diesel,Freight,5.85,Diesel,#D3D3D3,TWh
Imp. NG,Gas,111.48,Gas,#FFD700,TWh
Gas Prod,Gas,16.45,NG,#FFD700,TWh
Gas,Mob public,5.26,NG,#FFD700,TWh
Gas,Freight,11.86,NG,#FFD700,TWh
Gas,H2 prod,16.47,NG,#FFD700,TWh
Gas,Elec,39.19,NG,#FFD700,TWh
Gas,CHP,55.16,NG,#FFD700,TWh
Electricity,Elec,29.18,Electricity,#00BFFF,TWh
Wind,Elec,33.74,Wind,#27AE34,TWh
Hydro River,Elec,0.46,Hydro River,#0000FF,TWh
Solar,Elec,61.53,Solar,#FFFF00,TWh
Waste,Boilers,17.80,Waste,#808000,TWh
Wood,Biofuels Prod,19.43,Wood,#CD853F,TWh
Wood,Boilers,3.97,Wood,#CD853F,TWh
Wet biomass,Biomethanation,38.90,Wood,#CD853F,TWh
Biomethanation,Gas Prod,16.45,NG,#FFD700,TWh
Biomethanation,Elec,1.56,Electricity,#00BFFF,TWh
Elec,Mob priv,10.00,Electricity,#00BFFF,TWh
Elec,Mob public,5.01,Electricity,#00BFFF,TWh
Elec,Freight,1.72,Electricity,#00BFFF,TWh
Elec,Exp & Loss,8.23,Electricity,#00BFFF,TWh
Elec,Elec demand,96.46,Electricity,#00BFFF,TWh
Solar,Curt.,0.79,Solar,#FFFF00,TWh
Wind,Curt.,0.20,Wind,#27AE34,TWh
Elec,Storage,1.08,Electricity,#00BFFF,TWh
Storage,Elec demand,0.81,Electricity,#00BFFF,TWh
Elec,HPs,45.60,Electricity,#00BFFF,TWh
Elec,HT sto,4.42,Electricity,#00BFFF,TWh
HT sto,Heat HT,4.41,Heat HT,#DC143C,TWh
Elec,Heat HT,0.72,Electricity,#00BFFF,TWh
Elec,Electrolyser,0.33,Electricity,#00BFFF,TWh
HT ?,Electrolyser,0.06,Heat HT,#DC143C,TWh
Electrolyser,H2 prod,0.31,Electricity,#00BFFF,TWh
Electrolyser,DHN,0.01,Heat LT,#FA8072,TWh
Imp. H2,H2,2.41,H2,#FF00FF,TWh
H2 prod,H2,12.38,H2,#FF00FF,TWh
H2,Mob priv,6.14,H2,#FF00FF,TWh
H2,Freight,8.65,H2,#FF00FF,TWh
CHP,Elec,24.27,Electricity,#00BFFF,TWh
CHP,Heat HT,25.37,Heat HT,#DC143C,TWh
HPs,Dec. sto,27.01,Heat LT,#FA8072,TWh
HPs,Heat LT Dec,68.36,Heat LT,#FA8072,TWh
HPs,DHN,58.79,Heat LT,#FA8072,TWh
Biofuels Prod,Elec,0.31,Electricity,#00BFFF,TWh
Biofuels Prod,Biofuels sto.,3.41,Oil,#8B008B,TWh
Biofuels sto.,Biofuels,3.41,Oil,#8B008B,TWh
Biofuels prod,Biofuels,-16.42,Oil,#8B008B,TWh
Biofuels,Diesel,13.01,Oil,#8B008B,TWh
Boilers,Dec. sto,0.00,Heat LT,#FA8072,TWh
Boilers,Heat LT Dec,1.31,Heat LT,#FA8072,TWh
Dec. sto,Heat LT Dec,24.68,Heat LT,#FA8072,TWh
Boilers,Heat HT,16.70,Heat HT,#DC143C,TWh
DHN,Heat LT DHN,37.70,Heat LT,#FA8072,TWh
DHN,Loss DHN,2.94,Heat LT,#FA8072,TWh
DHN,DHN Sto,18.16,Heat LT,#FA8072,TWh
DHN Sto,Heat LT DHN,17.71,Heat LT,#FA8072,TWh
