source,target,realValue,layerID,layerColor,layerUnit
Imp. Diesel,Diesel,-37.68,Diesel,#D3D3D3,TWh
Diesel,Mob priv,28.27,Diesel,#D3D3D3,TWh
Diesel,Freight,9.79,Diesel,#D3D3D3,TWh
Imp. NG,Gas,157.06,Gas,#FFD700,TWh
Gas Prod,Gas,16.45,NG,#FFD700,TWh
Gas,Mob priv,0.15,NG,#FFD700,TWh
Gas,Mob public,13.25,NG,#FFD700,TWh
Gas,Freight,13.01,NG,#FFD700,TWh
Gas,H2 prod,16.16,NG,#FFD700,TWh
Gas,Elec,28.90,NG,#FFD700,TWh
Gas,CHP,36.02,NG,#FFD700,TWh
Gas,Boilers,66.04,NG,#FFD700,TWh
Electricity,Elec,26.70,Electricity,#00BFFF,TWh
Wind,Elec,26.98,Wind,#27AE34,TWh
Hydro River,Elec,0.45,Hydro River,#0000FF,TWh
Coal,Boilers,24.40,Coal,#A0522D,TWh
Solar,Elec,34.76,Solar,#FFFF00,TWh
Solar,Dec. sto,0.00,Solar,#FFFF00,TWh
Solar,Heat LT Dec,0.34,Solar,#FFFF00,TWh
Waste,Boilers,17.80,Waste,#808000,TWh
Wood,Biofuels Prod,0.58,Wood,#CD853F,TWh
Wood,CHP,0.40,Wood,#CD853F,TWh
Wood,Boilers,22.42,Wood,#CD853F,TWh
Wet biomass,Biomethanation,38.90,Wood,#CD853F,TWh
Biomethanation,Gas Prod,16.45,NG,#FFD700,TWh
Biomethanation,Elec,1.56,Electricity,#00BFFF,TWh
Elec,Mob priv,0.07,Electricity,#00BFFF,TWh
Elec,Mob public,2.97,Electricity,#00BFFF,TWh
Elec,Freight,1.64,Electricity,#00BFFF,TWh
Elec,Exp & Loss,5.82,Electricity,#00BFFF,TWh
Elec,Elec demand,88.31,Electricity,#00BFFF,TWh
Solar,Curt.,0.89,Solar,#FFFF00,TWh
Wind,Curt.,0.49,Wind,#27AE34,TWh
Elec,Storage,0.90,Electricity,#00BFFF,TWh
Storage,Elec demand,0.67,Electricity,#00BFFF,TWh
Elec,HPs,21.30,Electricity,#00BFFF,TWh
Elec,HT sto,0.45,Electricity,#00BFFF,TWh
HT sto,Heat HT,0.45,Heat HT,#DC143C,TWh
Elec,Heat HT,2.35,Electricity,#00BFFF,TWh
H2 prod,H2 sto.,1.76,H2,#FF00FF,TWh
H2 sto.,H2,1.52,H2,#FF00FF,TWh
H2 prod,H2,10.08,H2,#FF00FF,TWh
H2,Mob priv,8.15,H2,#FF00FF,TWh
H2,Freight,3.48,H2,#FF00FF,TWh
CHP,Elec,16.20,Electricity,#00BFFF,TWh
CHP,Dec. sto,0.00,Heat LT,#FA8072,TWh
CHP,Heat LT Dec,1.04,Heat LT,#FA8072,TWh
CHP,DHN,2.11,Heat LT,#FA8072,TWh
CHP,Heat HT,13.34,Heat HT,#DC143C,TWh
HPs,Dec. sto,4.96,Heat LT,#FA8072,TWh
HPs,Heat LT Dec,16.09,Heat LT,#FA8072,TWh
HPs,DHN,55.47,Heat LT,#FA8072,TWh
Biofuels Prod,Elec,0.01,Electricity,#00BFFF,TWh
Biofuels prod,Biofuels,-0.38,Oil,#8B008B,TWh
Biofuels,Diesel,0.38,Oil,#8B008B,TWh
Boilers,Dec. sto,0.00,Heat LT,#FA8072,TWh
Boilers,Heat LT Dec,71.23,Heat LT,#FA8072,TWh
Dec. sto,Heat LT Dec,4.61,Heat LT,#FA8072,TWh
Boilers,DHN,0.44,Heat LT,#FA8072,TWh
Boilers,Heat HT,41.55,Heat HT,#DC143C,TWh
DHN,Heat LT DHN,39.45,Heat LT,#FA8072,TWh
DHN,Loss DHN,2.90,Heat LT,#FA8072,TWh
DHN,DHN Sto,15.68,Heat LT,#FA8072,TWh
DHN Sto,Heat LT DHN,15.35,Heat LT,#FA8072,TWh
